id,trade_ref,instrument_id,counterparty_id,asset_class,side,quantity,price,trade_date,status
1,TRD-145587-1,1,4,DERIVATIVE,SELL,429.7422,463.2881,2026-07-13,UNMATCHED
2,TRD-667692-2,36,3,EQUITY,SELL,361.754,431.0804,2026-05-16,DISPUTED
3,TRD-589506-3,36,1,FX,BUY,337.7026,232.1245,2026-04-09,MATCHED
4,TRD-840632-4,28,7,EQUITY,BUY,637.4219,271.3861,2026-06-09,MATCHED
5,TRD-283911-5,28,3,FIXED_INCOME,SELL,376.7598,66.6972,2026-07-18,PENDING
6,TRD-498270-6,36,4,EQUITY,SELL,831.7381,110.2886,2026-06-10,PENDING
7,TRD-124023-7,18,7,FX,SELL,51.3678,359.3633,2026-07-29,UNMATCHED
8,TRD-631745-8,20,10,FX,SELL,568.0303,202.0406,2026-07-03,UNMATCHED
9,TRD-932336-9,30,2,DERIVATIVE,SELL,177.3053,425.4647,2026-04-17,PENDING
10,TRD-702485-10,47,1,DERIVATIVE,BUY,428.7532,385.7268,2026-04-05,PENDING
11,TRD-293694-11,46,4,DERIVATIVE,SELL,948.7431,63.0133,2026-05-08,UNMATCHED
12,TRD-282724-12,38,3,DERIVATIVE,SELL,374.3568,378.1333,2026-04-23,PENDING
13,TRD-616748-13,48,2,DERIVATIVE,SELL,288.9065,477.8414,2026-05-15,MATCHED
14,TRD-608254-14,31,4,COMMODITY,SELL,659.3646,240.1365,2026-06-22,DISPUTED
15,TRD-880476-15,33,5,EQUITY,SELL,317.1539,355.076,2026-07-28,DISPUTED
16,TRD-102717-16,6,3,FIXED_INCOME,SELL,829.4545,431.3386,2026-05-06,UNMATCHED
17,TRD-232726-17,36,3,FIXED_INCOME,SELL,887.0504,474.7178,2026-05-21,DISPUTED
18,TRD-703871-18,23,10,FX,SELL,808.5893,327.3388,2026-07-27,PENDING
19,TRD-988754-19,48,10,EQUITY,BUY,717.4653,61.1382,2026-07-05,DISPUTED
20,TRD-869455-20,3,10,FIXED_INCOME,BUY,30.0686,306.8291,2026-06-05,PENDING
21,TRD-180378-21,10,3,FX,BUY,497.4521,61.5234,2026-06-19,PENDING
22,TRD-541863-22,43,10,COMMODITY,SELL,661.4561,155.0821,2026-06-25,MATCHED
23,TRD-379894-23,10,2,EQUITY,BUY,206.4916,239.407,2026-04-06,DISPUTED
24,TRD-287879-24,28,10,DERIVATIVE,BUY,255.1482,159.6894,2026-04-20,DISPUTED
25,TRD-395937-25,4,4,FX,SELL,432.8733,491.3186,2026-05-26,MATCHED
26,TRD-514430-26,8,5,EQUITY,BUY,736.623,189.6604,2026-05-15,MATCHED
27,TRD-375450-27,37,5,DERIVATIVE,SELL,988.1895,312.3396,2026-04-24,PENDING
28,TRD-270548-28,38,10,FX,BUY,537.7369,420.8538,2026-06-12,PENDING
29,TRD-945701-29,42,10,EQUITY,BUY,728.4893,475.736,2026-05-04,DISPUTED
30,TRD-103743-30,45,9,EQUITY,SELL,30.7437,425.7151,2026-07-17,PENDING
31,TRD-658468-31,22,2,COMMODITY,SELL,656.6666,117.3757,2026-04-13,UNMATCHED
32,TRD-591170-32,50,4,COMMODITY,BUY,508.3418,468.6258,2026-06-30,UNMATCHED
33,TRD-710407-33,14,9,FX,BUY,387.8884,62.915,2026-04-03,DISPUTED
34,TRD-655529-34,18,1,DERIVATIVE,SELL,590.7108,357.5863,2026-06-12,PENDING
35,TRD-191703-35,27,2,COMMODITY,SELL,618.5394,473.2455,2026-04-05,DISPUTED
36,TRD-703320-36,41,3,EQUITY,BUY,606.8148,320.1038,2026-04-16,DISPUTED
37,TRD-355156-37,41,8,FX,SELL,234.3944,83.1689,2026-05-09,DISPUTED
38,TRD-841734-38,19,4,EQUITY,SELL,764.505,67.8616,2026-07-08,MATCHED
39,TRD-733044-39,40,3,EQUITY,BUY,111.0075,269.4598,2026-04-26,DISPUTED
40,TRD-632363-40,3,9,EQUITY,BUY,669.959,203.213,2026-05-09,DISPUTED
41,TRD-808289-41,46,7,EQUITY,SELL,868.8257,185.7688,2026-04-09,UNMATCHED
42,TRD-814051-42,16,8,DERIVATIVE,SELL,634.671,477.6702,2026-05-16,MATCHED
43,TRD-502949-43,48,8,FX,SELL,795.3783,268.5714,2026-04-09,PENDING
44,TRD-338867-44,30,10,COMMODITY,BUY,623.2442,122.2328,2026-06-22,UNMATCHED
45,TRD-388146-45,11,1,COMMODITY,SELL,505.8654,150.3605,2026-04-04,PENDING
46,TRD-392908-46,14,10,FIXED_INCOME,BUY,896.6003,351.6386,2026-07-10,PENDING
47,TRD-788621-47,26,10,EQUITY,BUY,600.3855,444.4936,2026-05-26,UNMATCHED
48,TRD-893857-48,39,5,FIXED_INCOME,BUY,186.4757,147.7738,2026-05-24,MATCHED
49,TRD-429929-49,10,2,EQUITY,SELL,248.7778,331.4018,2026-04-08,MATCHED
50,TRD-765350-50,4,3,DERIVATIVE,BUY,773.942,438.5682,2026-06-04,PENDING
51,TRD-199712-51,43,9,COMMODITY,BUY,281.4592,157.6619,2026-07-20,MATCHED
52,TRD-601983-52,10,9,COMMODITY,SELL,962.4711,269.4499,2026-04-09,PENDING
53,TRD-417442-53,32,6,FIXED_INCOME,SELL,445.9644,423.9539,2026-06-18,DISPUTED
54,TRD-369026-54,19,5,FIXED_INCOME,SELL,967.4799,103.1327,2026-05-14,PENDING
55,TRD-312959-55,10,7,FX,BUY,505.4542,499.1838,2026-07-02,DISPUTED
56,TRD-320872-56,31,7,EQUITY,SELL,421.3666,437.2311,2026-05-18,MATCHED
57,TRD-100803-57,15,3,COMMODITY,SELL,626.265,169.5456,2026-05-17,UNMATCHED
58,TRD-739812-58,12,9,EQUITY,SELL,990.7546,446.6866,2026-07-04,DISPUTED
59,TRD-187150-59,13,6,DERIVATIVE,SELL,628.5761,88.7743,2026-05-26,UNMATCHED
60,TRD-454495-60,5,4,FX,SELL,11.3256,316.4621,2026-07-01,DISPUTED
61,TRD-122200-61,33,10,COMMODITY,SELL,581.9368,70.1899,2026-04-06,UNMATCHED
62,TRD-469186-62,46,5,COMMODITY,BUY,500.6459,208.3462,2026-05-18,DISPUTED
63,TRD-919770-63,3,1,DERIVATIVE,BUY,413.1866,124.6992,2026-04-21,PENDING
64,TRD-689155-64,42,5,DERIVATIVE,BUY,652.4645,461.2011,2026-06-13,DISPUTED
65,TRD-965708-65,16,2,DERIVATIVE,BUY,923.5028,191.8217,2026-06-19,MATCHED
66,TRD-327686-66,28,3,COMMODITY,BUY,46.0068,62.0981,2026-04-29,PENDING
67,TRD-399662-67,17,3,COMMODITY,BUY,548.612,233.602,2026-06-01,PENDING
68,TRD-258206-68,35,4,COMMODITY,SELL,61.167,174.913,2026-05-06,DISPUTED
69,TRD-459132-69,27,5,COMMODITY,SELL,989.6337,386.5358,2026-06-05,MATCHED
70,TRD-452577-70,7,9,DERIVATIVE,SELL,878.2653,480.8106,2026-04-28,UNMATCHED
71,TRD-346604-71,4,10,FIXED_INCOME,BUY,253.1123,380.4537,2026-04-16,MATCHED
72,TRD-276477-72,26,2,FIXED_INCOME,BUY,422.6004,87.404,2026-05-17,PENDING
73,TRD-131016-73,28,3,DERIVATIVE,BUY,112.9747,319.229,2026-05-24,MATCHED
74,TRD-759399-74,48,5,EQUITY,BUY,614.6019,69.0784,2026-04-13,DISPUTED
75,TRD-965248-75,12,5,EQUITY,BUY,877.7578,175.2827,2026-06-28,UNMATCHED
76,TRD-654460-76,27,2,EQUITY,BUY,208.1848,199.0252,2026-07-28,UNMATCHED
77,TRD-699732-77,15,7,COMMODITY,SELL,291.7042,273.9023,2026-04-23,UNMATCHED
78,TRD-491067-78,19,3,FIXED_INCOME,SELL,377.8381,410.9482,2026-05-08,UNMATCHED
79,TRD-258361-79,39,8,FX,BUY,447.1058,370.7768,2026-07-01,PENDING
80,TRD-306224-80,43,9,DERIVATIVE,SELL,28.2348,252.9826,2026-06-28,MATCHED
81,TRD-567419-81,45,2,COMMODITY,BUY,956.7842,483.9553,2026-04-25,DISPUTED
82,TRD-818214-82,10,6,FX,SELL,339.0139,418.8787,2026-05-25,MATCHED
83,TRD-191622-83,33,5,EQUITY,BUY,165.7131,60.6289,2026-06-10,PENDING
84,TRD-737546-84,18,10,FIXED_INCOME,SELL,410.6949,233.2699,2026-04-19,UNMATCHED
85,TRD-671447-85,12,8,DERIVATIVE,BUY,969.5896,202.5018,2026-06-19,DISPUTED
86,TRD-426683-86,23,2,FX,SELL,735.2294,306.3844,2026-06-23,UNMATCHED
87,TRD-940445-87,23,6,FX,BUY,83.1457,52.6321,2026-06-27,UNMATCHED
88,TRD-862174-88,12,9,COMMODITY,SELL,870.1069,140.7732,2026-04-18,MATCHED
89,TRD-126513-89,6,8,FX,BUY,133.5345,254.344,2026-06-20,MATCHED
90,TRD-421601-90,49,6,FX,BUY,546.5767,357.2851,2026-06-06,MATCHED
91,TRD-586830-91,44,2,EQUITY,SELL,594.7988,184.8406,2026-04-14,UNMATCHED
92,TRD-905733-92,48,10,COMMODITY,SELL,862.6309,77.2396,2026-05-24,MATCHED
93,TRD-325916-93,2,10,FX,SELL,601.3831,246.6653,2026-05-14,DISPUTED
94,TRD-233772-94,46,8,COMMODITY,BUY,506.4205,290.8228,2026-04-21,DISPUTED
95,TRD-860396-95,35,8,FIXED_INCOME,SELL,433.8464,264.2737,2026-06-24,PENDING
96,TRD-342076-96,34,6,FIXED_INCOME,BUY,427.5599,215.4279,2026-05-05,PENDING
97,TRD-699758-97,47,3,FX,SELL,983.8413,245.1909,2026-06-17,PENDING
98,TRD-926913-98,2,3,COMMODITY,SELL,421.0656,240.257,2026-07-19,PENDING
99,TRD-894348-99,28,7,FX,BUY,469.0525,421.7557,2026-07-06,UNMATCHED
100,TRD-279610-100,46,1,COMMODITY,SELL,188.09,271.3808,2026-04-27,MATCHED
101,TRD-988979-101,22,10,FIXED_INCOME,SELL,370.9049,252.46,2026-05-03,DISPUTED
102,TRD-646219-102,2,3,EQUITY,SELL,110.9953,331.5298,2026-04-26,MATCHED
103,TRD-930898-103,15,1,FIXED_INCOME,BUY,770.8907,145.1819,2026-05-29,MATCHED
104,TRD-583064-104,22,2,DERIVATIVE,SELL,521.9754,140.2157,2026-05-10,UNMATCHED
105,TRD-784918-105,2,8,COMMODITY,SELL,401.839,100.5629,2026-07-16,UNMATCHED
106,TRD-292999-106,11,2,FX,BUY,791.6891,195.0096,2026-04-20,DISPUTED
107,TRD-898882-107,9,5,FX,BUY,408.1136,400.0684,2026-05-12,DISPUTED
108,TRD-767365-108,14,4,FX,BUY,947.885,313.2191,2026-05-31,UNMATCHED
109,TRD-270432-109,5,8,EQUITY,SELL,991.0275,358.4391,2026-05-21,PENDING
110,TRD-296572-110,2,9,FX,BUY,50.2929,85.5769,2026-05-19,DISPUTED
111,TRD-274156-111,38,4,COMMODITY,SELL,412.8358,53.2341,2026-04-20,UNMATCHED
112,TRD-108284-112,21,3,COMMODITY,SELL,498.4196,455.2766,2026-07-22,DISPUTED
113,TRD-695770-113,31,2,FX,SELL,63.3985,103.2138,2026-07-05,DISPUTED
114,TRD-938618-114,12,9,DERIVATIVE,SELL,515.7404,376.4649,2026-04-14,MATCHED
115,TRD-231672-115,35,6,DERIVATIVE,BUY,494.6958,261.9775,2026-05-09,DISPUTED
116,TRD-275877-116,23,5,EQUITY,SELL,412.8059,378.5277,2026-07-17,PENDING
117,TRD-209126-117,49,7,EQUITY,BUY,580.8908,55.9215,2026-05-13,DISPUTED
118,TRD-683466-118,10,9,COMMODITY,BUY,607.8275,337.6869,2026-07-17,UNMATCHED
119,TRD-280979-119,21,2,COMMODITY,SELL,582.8259,409.64,2026-05-26,DISPUTED
120,TRD-549717-120,40,8,FIXED_INCOME,SELL,23.1612,283.2645,2026-07-27,DISPUTED
121,TRD-145761-121,24,5,COMMODITY,SELL,675.9647,89.2762,2026-07-01,DISPUTED
122,TRD-512560-122,44,9,DERIVATIVE,SELL,206.8241,315.8656,2026-06-07,PENDING
123,TRD-809549-123,14,8,DERIVATIVE,SELL,977.4299,154.2685,2026-04-02,DISPUTED
124,TRD-133089-124,44,8,FIXED_INCOME,SELL,181.214,275.9922,2026-05-25,DISPUTED
125,TRD-401975-125,27,2,DERIVATIVE,SELL,574.4637,492.002,2026-04-11,MATCHED
126,TRD-963071-126,4,9,FIXED_INCOME,BUY,928.7781,315.4482,2026-06-06,UNMATCHED
127,TRD-911149-127,37,2,COMMODITY,SELL,299.3216,334.5609,2026-04-14,PENDING
128,TRD-178270-128,38,8,FIXED_INCOME,BUY,995.8416,431.7237,2026-04-02,UNMATCHED
129,TRD-201773-129,47,2,COMMODITY,BUY,95.2944,300.9921,2026-06-24,MATCHED
130,TRD-784277-130,8,4,FIXED_INCOME,SELL,993.9574,372.6196,2026-05-30,UNMATCHED
131,TRD-439262-131,32,9,DERIVATIVE,BUY,828.773,158.1188,2026-07-06,MATCHED
132,TRD-836819-132,34,8,FX,SELL,656.1132,461.7495,2026-04-09,UNMATCHED
133,TRD-765972-133,47,4,COMMODITY,SELL,844.701,407.7453,2026-05-13,DISPUTED
134,TRD-315060-134,19,9,FX,BUY,132.314,243.6724,2026-04-06,DISPUTED
135,TRD-625882-135,14,1,FX,BUY,561.6252,333.5011,2026-06-02,DISPUTED
136,TRD-644476-136,21,8,FX,BUY,783.5297,244.0018,2026-05-09,MATCHED
137,TRD-235271-137,12,8,EQUITY,BUY,568.6163,450.0924,2026-04-01,MATCHED
138,TRD-832902-138,38,5,DERIVATIVE,SELL,610.8889,404.3582,2026-04-19,DISPUTED
139,TRD-127675-139,20,10,FX,SELL,468.1312,242.3539,2026-04-24,PENDING
140,TRD-777714-140,34,1,DERIVATIVE,BUY,496.5512,77.8352,2026-04-25,PENDING
141,TRD-426085-141,39,3,COMMODITY,BUY,946.7908,497.4495,2026-07-22,DISPUTED
142,TRD-685663-142,19,5,COMMODITY,BUY,595.5571,227.3297,2026-05-30,DISPUTED
143,TRD-790023-143,10,10,FX,SELL,320.6949,117.777,2026-07-17,MATCHED
144,TRD-686718-144,3,6,DERIVATIVE,SELL,638.8129,128.4856,2026-04-25,DISPUTED
145,TRD-422909-145,31,2,DERIVATIVE,BUY,752.7794,127.0514,2026-06-04,PENDING
146,TRD-644141-146,44,7,EQUITY,SELL,206.0471,199.7332,2026-07-10,DISPUTED
147,TRD-213736-147,9,7,COMMODITY,SELL,478.1824,64.5946,2026-05-17,MATCHED
148,TRD-720478-148,27,8,FX,BUY,20.7402,484.7735,2026-07-02,PENDING
149,TRD-642519-149,25,2,DERIVATIVE,BUY,60.7798,52.4471,2026-07-11,UNMATCHED
150,TRD-922156-150,27,10,FIXED_INCOME,SELL,260.6345,358.0428,2026-05-22,PENDING
151,TRD-189583-151,30,6,DERIVATIVE,BUY,925.7042,425.5782,2026-04-20,PENDING
152,TRD-934996-152,15,5,FX,SELL,226.9611,280.434,2026-05-23,MATCHED
153,TRD-476745-153,23,6,FIXED_INCOME,BUY,817.1142,278.592,2026-06-06,UNMATCHED
154,TRD-992619-154,6,5,DERIVATIVE,BUY,156.8956,277.2282,2026-04-25,MATCHED
155,TRD-755501-155,31,4,DERIVATIVE,SELL,928.889,340.2042,2026-06-26,UNMATCHED
156,TRD-697760-156,30,2,FIXED_INCOME,BUY,668.1697,460.197,2026-04-21,PENDING
157,TRD-771221-157,12,9,DERIVATIVE,BUY,752.3048,387.8622,2026-07-03,DISPUTED
158,TRD-185102-158,35,5,DERIVATIVE,BUY,845.2266,165.1621,2026-05-11,DISPUTED
159,TRD-604266-159,48,1,FX,SELL,234.1756,272.9608,2026-07-22,PENDING
160,TRD-467186-160,36,1,DERIVATIVE,BUY,131.9527,479.8549,2026-07-29,DISPUTED
161,TRD-895394-161,33,7,FIXED_INCOME,BUY,813.4281,317.7087,2026-07-11,PENDING
162,TRD-420048-162,33,3,FX,SELL,815.972,206.105,2026-04-26,UNMATCHED
163,TRD-361233-163,6,8,COMMODITY,SELL,697.2662,370.356,2026-04-11,DISPUTED
164,TRD-291314-164,9,4,DERIVATIVE,BUY,861.5503,270.6689,2026-06-27,PENDING
165,TRD-314487-165,22,5,FX,SELL,608.1216,224.9255,2026-06-27,UNMATCHED
166,TRD-351812-166,42,9,DERIVATIVE,BUY,325.575,156.7509,2026-04-13,DISPUTED
167,TRD-895423-167,41,5,EQUITY,BUY,431.3695,147.5018,2026-07-02,PENDING
168,TRD-301212-168,2,3,COMMODITY,BUY,439.2659,78.3697,2026-07-16,PENDING
169,TRD-801346-169,38,1,DERIVATIVE,SELL,342.9336,175.9009,2026-05-27,DISPUTED
170,TRD-548598-170,36,1,FX,SELL,576.3819,293.5664,2026-05-15,DISPUTED
171,TRD-895728-171,33,8,FIXED_INCOME,BUY,622.3895,236.4314,2026-06-13,PENDING
172,TRD-911933-172,33,6,DERIVATIVE,SELL,201.365,96.6438,2026-07-21,MATCHED
173,TRD-436290-173,6,10,DERIVATIVE,SELL,113.6512,291.3004,2026-05-30,PENDING
174,TRD-815944-174,36,1,FX,BUY,987.7337,137.1266,2026-05-22,MATCHED
175,TRD-866020-175,50,3,DERIVATIVE,SELL,859.8176,163.3197,2026-04-03,PENDING
176,TRD-687876-176,3,9,FX,SELL,984.0312,290.1307,2026-06-17,PENDING
177,TRD-652895-177,16,10,DERIVATIVE,SELL,744.4284,348.1305,2026-07-28,PENDING
178,TRD-467972-178,20,1,DERIVATIVE,BUY,60.4467,205.4004,2026-04-01,UNMATCHED
179,TRD-296299-179,47,7,DERIVATIVE,BUY,976.8137,373.1161,2026-06-29,UNMATCHED
180,TRD-522754-180,11,2,COMMODITY,BUY,13.2842,181.6305,2026-07-25,DISPUTED
181,TRD-609228-181,30,3,DERIVATIVE,BUY,596.8141,499.3962,2026-05-10,MATCHED
182,TRD-849723-182,2,6,EQUITY,SELL,398.3205,173.3258,2026-05-26,PENDING
183,TRD-918058-183,40,2,DERIVATIVE,SELL,360.1462,414.0646,2026-07-13,DISPUTED
184,TRD-299730-184,47,10,COMMODITY,BUY,886.6598,143.201,2026-05-23,MATCHED
185,TRD-201134-185,36,10,FX,BUY,761.8693,115.5569,2026-05-08,UNMATCHED
186,TRD-654114-186,31,5,FIXED_INCOME,SELL,659.6606,398.5552,2026-05-29,MATCHED
187,TRD-550833-187,37,1,COMMODITY,SELL,599.5712,262.9637,2026-05-08,DISPUTED
188,TRD-862553-188,15,8,COMMODITY,BUY,464.7205,345.5887,2026-04-28,DISPUTED
189,TRD-624242-189,27,7,COMMODITY,BUY,317.2245,106.7959,2026-07-10,DISPUTED
190,TRD-181884-190,36,2,EQUITY,BUY,48.9684,170.497,2026-07-31,DISPUTED
191,TRD-599637-191,42,7,COMMODITY,BUY,593.5808,206.6988,2026-04-12,DISPUTED
192,TRD-297579-192,9,2,EQUITY,SELL,624.4313,127.336,2026-05-25,DISPUTED
193,TRD-599285-193,31,9,FIXED_INCOME,BUY,952.4573,91.9737,2026-04-10,DISPUTED
194,TRD-739480-194,33,2,FX,BUY,717.2447,192.1995,2026-04-27,PENDING
195,TRD-663437-195,43,3,EQUITY,BUY,603.902,291.8463,2026-05-01,MATCHED
196,TRD-187847-196,33,10,FX,BUY,613.0679,75.2978,2026-04-11,PENDING
197,TRD-623792-197,49,10,FIXED_INCOME,BUY,719.2196,82.1754,2026-04-24,MATCHED
198,TRD-806818-198,49,8,DERIVATIVE,BUY,433.8232,236.9491,2026-07-24,DISPUTED
199,TRD-757295-199,19,5,EQUITY,BUY,752.8404,332.9289,2026-06-06,MATCHED
200,TRD-263763-200,4,4,COMMODITY,BUY,92.3235,375.8023,2026-05-31,MATCHED
201,TRD-776768-201,28,9,FX,BUY,970.2298,490.5732,2026-04-19,DISPUTED
202,TRD-883972-202,17,1,FIXED_INCOME,SELL,935.9374,134.8577,2026-06-06,PENDING
203,TRD-651487-203,35,3,FX,BUY,120.1029,213.7551,2026-06-14,DISPUTED
204,TRD-287854-204,8,2,EQUITY,SELL,482.4779,149.1533,2026-06-08,UNMATCHED
205,TRD-902824-205,31,6,EQUITY,SELL,784.7647,422.2779,2026-07-12,MATCHED
206,TRD-870533-206,7,10,DERIVATIVE,SELL,264.1433,361.3511,2026-06-19,DISPUTED
207,TRD-348707-207,44,2,COMMODITY,SELL,75.5813,252.8107,2026-07-13,MATCHED
208,TRD-897976-208,20,3,DERIVATIVE,SELL,771.1648,197.972,2026-07-22,DISPUTED
209,TRD-455423-209,40,3,FIXED_INCOME,BUY,377.7446,119.6577,2026-06-12,UNMATCHED
210,TRD-390427-210,29,2,DERIVATIVE,BUY,678.9462,197.6235,2026-07-09,MATCHED
211,TRD-238458-211,15,3,EQUITY,BUY,135.8666,428.8278,2026-05-07,MATCHED
212,TRD-686957-212,5,8,FX,SELL,781.8186,450.2255,2026-06-15,PENDING
213,TRD-967947-213,41,10,FX,BUY,980.7582,298.4633,2026-06-23,UNMATCHED
214,TRD-238800-214,17,4,FX,SELL,962.2737,305.216,2026-06-13,PENDING
215,TRD-489358-215,30,9,DERIVATIVE,SELL,108.6792,339.4551,2026-05-26,DISPUTED
216,TRD-157558-216,13,7,COMMODITY,SELL,943.8696,446.1127,2026-06-19,UNMATCHED
217,TRD-990331-217,42,6,FX,SELL,865.3937,469.4871,2026-07-03,PENDING
218,TRD-798139-218,39,10,EQUITY,SELL,119.8105,260.8095,2026-06-15,DISPUTED
219,TRD-859143-219,32,8,COMMODITY,BUY,332.5952,245.3457,2026-07-28,PENDING
220,TRD-821031-220,19,10,FIXED_INCOME,BUY,90.6002,213.313,2026-07-10,MATCHED
221,TRD-941290-221,39,9,FIXED_INCOME,BUY,679.6966,140.6847,2026-06-25,MATCHED
222,TRD-135816-222,38,6,DERIVATIVE,BUY,881.0324,391.2844,2026-06-03,MATCHED
223,TRD-902951-223,27,2,EQUITY,SELL,558.6964,195.1088,2026-04-09,DISPUTED
224,TRD-726956-224,19,5,FIXED_INCOME,BUY,709.7085,276.2864,2026-05-17,PENDING
225,TRD-779911-225,16,5,EQUITY,BUY,938.1469,376.3281,2026-06-30,PENDING
226,TRD-358459-226,49,3,FIXED_INCOME,SELL,218.0107,286.2068,2026-04-13,UNMATCHED
227,TRD-308613-227,17,2,COMMODITY,SELL,291.4495,436.1716,2026-05-01,MATCHED
228,TRD-174392-228,9,9,COMMODITY,BUY,190.4472,244.5444,2026-04-01,UNMATCHED
229,TRD-938557-229,10,6,COMMODITY,BUY,605.9713,481.5001,2026-04-05,UNMATCHED
230,TRD-106026-230,50,6,EQUITY,BUY,833.7142,87.7639,2026-06-09,UNMATCHED
231,TRD-151668-231,24,1,EQUITY,BUY,335.6592,73.6814,2026-07-21,PENDING
232,TRD-459130-232,2,5,FIXED_INCOME,BUY,277.1814,489.3688,2026-04-15,DISPUTED
233,TRD-202518-233,20,2,DERIVATIVE,BUY,69.264,381.5786,2026-07-09,DISPUTED
234,TRD-777530-234,14,3,EQUITY,SELL,915.5121,365.9919,2026-04-01,PENDING
235,TRD-783066-235,28,1,EQUITY,BUY,607.2915,126.9088,2026-07-08,UNMATCHED
236,TRD-672182-236,37,7,FIXED_INCOME,SELL,474.732,63.3359,2026-06-03,MATCHED
237,TRD-808335-237,5,9,EQUITY,SELL,614.8211,129.4123,2026-07-05,UNMATCHED
238,TRD-551024-238,18,4,FX,SELL,625.6205,54.3819,2026-06-07,MATCHED
239,TRD-890308-239,48,5,EQUITY,SELL,791.7844,311.1488,2026-04-15,UNMATCHED
240,TRD-123036-240,33,8,COMMODITY,SELL,91.8924,322.3555,2026-05-22,MATCHED
241,TRD-884568-241,44,6,COMMODITY,BUY,694.7425,384.5044,2026-05-28,MATCHED
242,TRD-220937-242,41,7,FIXED_INCOME,SELL,11.7752,470.532,2026-06-09,MATCHED
243,TRD-640779-243,42,8,FIXED_INCOME,BUY,936.4268,312.4837,2026-06-12,DISPUTED
244,TRD-432309-244,25,4,DERIVATIVE,SELL,116.1111,357.1376,2026-06-07,MATCHED
245,TRD-120206-245,5,4,FX,BUY,425.7938,435.7915,2026-06-27,DISPUTED
246,TRD-759894-246,50,3,FX,SELL,735.5759,138.4077,2026-05-15,MATCHED
247,TRD-807489-247,21,4,FIXED_INCOME,SELL,606.1286,225.7404,2026-04-03,MATCHED
248,TRD-173657-248,16,9,EQUITY,SELL,843.7539,258.7358,2026-07-16,UNMATCHED
249,TRD-162971-249,15,1,DERIVATIVE,SELL,173.0446,313.4557,2026-07-06,MATCHED
250,TRD-833546-250,46,4,FIXED_INCOME,BUY,205.3849,66.5712,2026-04-13,PENDING
251,TRD-459752-251,24,9,FX,SELL,622.0826,359.6687,2026-04-12,PENDING
252,TRD-504932-252,37,7,COMMODITY,SELL,696.8144,221.5743,2026-04-12,UNMATCHED
253,TRD-414142-253,12,5,COMMODITY,BUY,354.4026,148.7675,2026-05-28,PENDING
254,TRD-448016-254,6,3,FX,SELL,92.636,98.1402,2026-07-04,DISPUTED
255,TRD-605666-255,2,8,EQUITY,BUY,269.1999,326.9657,2026-07-09,MATCHED
256,TRD-725120-256,47,8,FX,SELL,148.0462,377.2268,2026-05-09,UNMATCHED
257,TRD-390278-257,43,8,EQUITY,BUY,839.2159,305.5664,2026-07-05,DISPUTED
258,TRD-523321-258,7,8,COMMODITY,SELL,820.5968,258.4996,2026-07-06,MATCHED
259,TRD-410176-259,27,6,DERIVATIVE,BUY,94.8851,478.064,2026-07-15,UNMATCHED
260,TRD-446694-260,14,2,DERIVATIVE,SELL,981.9903,342.6465,2026-05-03,MATCHED
261,TRD-700187-261,7,4,EQUITY,BUY,662.9809,198.2344,2026-05-14,UNMATCHED
262,TRD-756945-262,6,8,EQUITY,SELL,884.1485,394.0347,2026-04-21,UNMATCHED
263,TRD-225311-263,40,10,COMMODITY,BUY,122.6054,451.7826,2026-04-19,DISPUTED
264,TRD-353290-264,9,8,FX,BUY,986.2918,184.5555,2026-07-23,MATCHED
265,TRD-458739-265,40,5,DERIVATIVE,BUY,126.0278,404.6673,2026-06-28,MATCHED
266,TRD-343447-266,36,9,FIXED_INCOME,BUY,949.9408,176.8793,2026-04-04,MATCHED
267,TRD-629183-267,49,2,DERIVATIVE,SELL,32.2407,492.565,2026-05-10,DISPUTED
268,TRD-357466-268,46,3,FX,SELL,820.6575,308.1068,2026-04-28,DISPUTED
269,TRD-954479-269,36,10,COMMODITY,BUY,398.4353,400.698,2026-06-15,MATCHED
270,TRD-966616-270,22,3,DERIVATIVE,BUY,224.7241,328.9346,2026-06-02,PENDING
271,TRD-847915-271,28,5,FIXED_INCOME,BUY,954.7009,377.2657,2026-04-04,UNMATCHED
272,TRD-508164-272,25,4,FX,SELL,461.4984,302.5316,2026-06-07,PENDING
273,TRD-891956-273,22,5,COMMODITY,BUY,636.6106,222.9357,2026-07-08,UNMATCHED
274,TRD-745866-274,22,5,FX,SELL,360.3394,212.1306,2026-04-15,PENDING
275,TRD-942110-275,36,1,COMMODITY,BUY,152.4315,485.0432,2026-06-07,UNMATCHED
276,TRD-733100-276,41,10,COMMODITY,BUY,952.2852,499.8239,2026-05-10,UNMATCHED
277,TRD-421107-277,2,4,FX,BUY,308.217,370.0789,2026-05-07,PENDING
278,TRD-764707-278,42,5,FX,SELL,408.6335,198.3512,2026-05-20,DISPUTED
279,TRD-587956-279,48,6,DERIVATIVE,SELL,151.5998,297.8807,2026-05-25,DISPUTED
280,TRD-609077-280,16,3,FIXED_INCOME,BUY,773.8768,436.2374,2026-07-17,MATCHED
281,TRD-654570-281,8,6,FX,SELL,488.816,373.0546,2026-07-16,MATCHED
282,TRD-645107-282,36,9,FIXED_INCOME,SELL,556.0176,374.4283,2026-07-21,MATCHED
283,TRD-564953-283,26,2,FIXED_INCOME,SELL,513.4872,144.6809,2026-05-18,UNMATCHED
284,TRD-602823-284,46,8,COMMODITY,BUY,485.4333,63.0998,2026-06-03,PENDING
285,TRD-313282-285,41,8,EQUITY,SELL,166.9599,492.3096,2026-07-29,PENDING
286,TRD-284145-286,7,7,FIXED_INCOME,BUY,453.3504,195.7173,2026-04-15,DISPUTED
287,TRD-186415-287,34,3,EQUITY,SELL,458.2968,466.9449,2026-05-15,DISPUTED
288,TRD-990997-288,49,6,FX,BUY,500.3381,240.3243,2026-07-06,UNMATCHED
289,TRD-441821-289,11,8,COMMODITY,SELL,62.8026,461.1742,2026-05-08,DISPUTED
290,TRD-447442-290,46,1,COMMODITY,SELL,443.6089,190.1125,2026-06-22,UNMATCHED
291,TRD-151308-291,4,2,COMMODITY,SELL,652.6392,414.0984,2026-05-07,PENDING
292,TRD-803655-292,17,5,COMMODITY,SELL,757.8194,417.8898,2026-05-15,DISPUTED
293,TRD-886478-293,2,4,EQUITY,BUY,844.8481,117.6531,2026-05-31,PENDING
294,TRD-412301-294,1,8,FX,SELL,158.468,68.9802,2026-04-21,UNMATCHED
295,TRD-416545-295,16,2,FIXED_INCOME,BUY,413.8292,247.8111,2026-07-20,PENDING
296,TRD-830477-296,47,8,DERIVATIVE,SELL,194.6355,75.6096,2026-05-14,UNMATCHED
297,TRD-795817-297,45,7,EQUITY,BUY,941.4345,143.5496,2026-05-25,DISPUTED
298,TRD-337130-298,22,8,FIXED_INCOME,BUY,661.3332,141.7743,2026-04-06,DISPUTED
299,TRD-534370-299,5,8,COMMODITY,BUY,937.385,332.7882,2026-04-16,PENDING
300,TRD-503072-300,4,10,FIXED_INCOME,BUY,984.5052,155.7438,2026-04-07,UNMATCHED
301,TRD-288865-301,8,6,DERIVATIVE,SELL,714.6694,141.2549,2026-06-21,MATCHED
302,TRD-766089-302,36,7,COMMODITY,BUY,248.7775,114.7906,2026-04-17,UNMATCHED
303,TRD-846755-303,18,9,DERIVATIVE,BUY,905.8057,125.9537,2026-06-10,DISPUTED
304,TRD-211960-304,23,5,FIXED_INCOME,SELL,419.0321,376.2626,2026-04-28,MATCHED
305,TRD-309531-305,19,1,FX,BUY,425.4416,422.0,2026-04-02,MATCHED
306,TRD-186980-306,30,7,DERIVATIVE,SELL,917.269,337.9687,2026-07-01,MATCHED
307,TRD-542845-307,43,3,COMMODITY,SELL,818.3708,434.3612,2026-07-01,UNMATCHED
308,TRD-777306-308,18,3,EQUITY,SELL,945.6193,319.7735,2026-06-14,DISPUTED
309,TRD-260101-309,47,8,DERIVATIVE,SELL,309.8374,98.7072,2026-06-01,DISPUTED
310,TRD-906517-310,36,5,FX,SELL,318.6257,138.2592,2026-06-07,DISPUTED
311,TRD-114036-311,9,6,EQUITY,SELL,897.7738,370.1375,2026-05-31,DISPUTED
312,TRD-528523-312,49,3,FIXED_INCOME,SELL,201.9163,250.5167,2026-04-14,DISPUTED
313,TRD-252129-313,41,6,EQUITY,BUY,667.445,376.4841,2026-04-24,MATCHED
314,TRD-423267-314,5,8,EQUITY,BUY,434.3859,395.4063,2026-04-13,MATCHED
315,TRD-207345-315,5,10,DERIVATIVE,SELL,472.7234,284.3502,2026-07-06,DISPUTED
316,TRD-944971-316,10,4,FX,SELL,239.5108,387.4333,2026-04-20,UNMATCHED
317,TRD-555376-317,17,1,COMMODITY,BUY,184.991,263.0929,2026-06-27,DISPUTED
318,TRD-852292-318,36,10,DERIVATIVE,SELL,611.0733,159.5363,2026-06-16,MATCHED
319,TRD-682134-319,42,1,FX,SELL,320.75,107.6254,2026-06-18,DISPUTED
320,TRD-191942-320,28,6,COMMODITY,SELL,179.7911,97.2132,2026-05-06,UNMATCHED
321,TRD-838963-321,30,3,EQUITY,BUY,479.2731,177.0138,2026-04-12,PENDING
322,TRD-580871-322,34,2,COMMODITY,BUY,422.5887,437.9474,2026-06-11,PENDING
323,TRD-277690-323,47,5,FIXED_INCOME,BUY,502.6929,387.1533,2026-06-17,PENDING
324,TRD-842646-324,12,8,FIXED_INCOME,SELL,932.5917,482.4074,2026-05-02,MATCHED
325,TRD-418898-325,36,3,EQUITY,BUY,997.5899,132.2229,2026-05-13,UNMATCHED
326,TRD-608522-326,5,1,DERIVATIVE,BUY,380.0133,201.2076,2026-05-22,UNMATCHED
327,TRD-112779-327,1,1,FIXED_INCOME,BUY,93.7633,467.6025,2026-07-10,PENDING
328,TRD-393543-328,47,4,FIXED_INCOME,BUY,378.2877,213.3263,2026-07-05,UNMATCHED
329,TRD-317771-329,9,6,FX,SELL,37.332,150.2993,2026-05-15,UNMATCHED
330,TRD-808843-330,41,6,EQUITY,SELL,634.4341,91.5504,2026-05-18,PENDING
331,TRD-607463-331,13,10,FX,SELL,927.3136,391.1597,2026-04-09,DISPUTED
332,TRD-268785-332,26,10,FIXED_INCOME,BUY,589.8656,278.8511,2026-07-02,MATCHED
333,TRD-881914-333,7,7,FIXED_INCOME,SELL,817.8152,390.057,2026-06-22,DISPUTED
334,TRD-942788-334,11,6,EQUITY,SELL,841.0001,75.6891,2026-04-03,MATCHED
335,TRD-142768-335,19,2,EQUITY,BUY,426.0367,81.8012,2026-07-12,MATCHED
336,TRD-571408-336,12,7,DERIVATIVE,BUY,696.3414,439.3535,2026-06-16,MATCHED
337,TRD-281527-337,10,8,FX,SELL,545.9712,342.8547,2026-07-07,DISPUTED
338,TRD-345967-338,50,8,DERIVATIVE,BUY,636.8255,412.3503,2026-06-30,PENDING
339,TRD-153954-339,25,10,COMMODITY,BUY,589.0883,159.3192,2026-06-05,MATCHED
340,TRD-603627-340,27,3,DERIVATIVE,SELL,327.7606,266.1505,2026-06-24,PENDING
341,TRD-889153-341,37,1,COMMODITY,SELL,553.9876,397.605,2026-06-20,UNMATCHED
342,TRD-511546-342,34,6,FIXED_INCOME,BUY,960.0896,100.8858,2026-06-13,PENDING
343,TRD-559182-343,3,4,DERIVATIVE,SELL,897.5686,102.9037,2026-07-20,PENDING
344,TRD-751235-344,47,2,FX,SELL,945.7422,363.2195,2026-06-19,UNMATCHED
345,TRD-539591-345,31,4,EQUITY,SELL,404.1677,266.6629,2026-04-12,MATCHED
346,TRD-900836-346,41,10,COMMODITY,BUY,368.6581,486.9065,2026-05-19,UNMATCHED
347,TRD-474376-347,9,2,EQUITY,BUY,856.3071,196.3724,2026-06-10,DISPUTED
348,TRD-521562-348,46,1,FIXED_INCOME,SELL,371.7908,399.5287,2026-04-09,DISPUTED
349,TRD-797094-349,26,5,EQUITY,SELL,994.4024,166.4215,2026-04-02,UNMATCHED
350,TRD-839363-350,18,3,DERIVATIVE,BUY,965.9704,311.1764,2026-06-22,PENDING
351,TRD-633817-351,34,10,EQUITY,BUY,221.4605,347.4677,2026-06-15,UNMATCHED
352,TRD-500567-352,19,8,FX,SELL,233.3582,298.9927,2026-04-16,MATCHED
353,TRD-194033-353,20,6,FX,SELL,498.9798,385.276,2026-04-26,MATCHED
354,TRD-777339-354,35,3,FX,BUY,402.8339,416.7496,2026-06-18,MATCHED
355,TRD-611120-355,4,8,FIXED_INCOME,BUY,333.3108,245.7628,2026-06-27,UNMATCHED
356,TRD-283953-356,42,1,DERIVATIVE,SELL,198.8865,211.6294,2026-06-21,UNMATCHED
357,TRD-756926-357,32,3,COMMODITY,BUY,21.8715,161.1348,2026-04-02,UNMATCHED
358,TRD-656671-358,13,2,COMMODITY,SELL,717.4074,372.5971,2026-05-29,PENDING
359,TRD-586256-359,50,6,COMMODITY,BUY,824.7338,383.3909,2026-04-03,UNMATCHED
360,TRD-683585-360,30,3,EQUITY,SELL,360.1152,499.5404,2026-07-16,DISPUTED
361,TRD-610007-361,21,8,EQUITY,SELL,612.8034,86.5866,2026-04-30,PENDING
362,TRD-252723-362,19,2,COMMODITY,BUY,423.4853,130.5534,2026-07-14,MATCHED
363,TRD-581918-363,4,1,COMMODITY,BUY,145.2084,325.3215,2026-05-11,UNMATCHED
364,TRD-107221-364,3,5,FIXED_INCOME,BUY,98.5575,172.483,2026-04-25,DISPUTED
365,TRD-681613-365,42,10,FIXED_INCOME,BUY,808.9328,258.4237,2026-07-09,UNMATCHED
366,TRD-633589-366,5,8,COMMODITY,BUY,901.3004,305.35,2026-04-18,UNMATCHED
367,TRD-419603-367,33,4,FX,SELL,868.7886,258.2922,2026-07-08,MATCHED
368,TRD-189785-368,21,8,DERIVATIVE,SELL,136.3307,331.0997,2026-06-27,UNMATCHED
369,TRD-248341-369,41,4,FIXED_INCOME,BUY,464.3711,109.1217,2026-07-16,DISPUTED
370,TRD-424540-370,2,7,FX,SELL,431.6112,341.7821,2026-06-17,MATCHED
371,TRD-729823-371,16,3,EQUITY,BUY,836.2108,106.0736,2026-04-30,DISPUTED
372,TRD-600609-372,44,3,EQUITY,SELL,240.6539,333.3765,2026-07-11,DISPUTED
373,TRD-835009-373,27,7,COMMODITY,SELL,332.5137,326.441,2026-07-26,DISPUTED
374,TRD-925324-374,48,4,COMMODITY,BUY,43.5184,209.4445,2026-07-27,UNMATCHED
375,TRD-252616-375,23,5,COMMODITY,SELL,190.1038,323.0107,2026-06-04,PENDING
376,TRD-478678-376,33,2,DERIVATIVE,BUY,428.1497,470.7505,2026-04-19,UNMATCHED
377,TRD-531059-377,31,3,FX,SELL,170.2829,105.6344,2026-04-11,MATCHED
378,TRD-184496-378,45,7,EQUITY,SELL,902.89,383.4232,2026-07-29,MATCHED
379,TRD-755757-379,3,4,DERIVATIVE,SELL,108.2921,267.3724,2026-05-10,UNMATCHED
380,TRD-111914-380,39,3,EQUITY,SELL,568.8283,283.5354,2026-04-20,DISPUTED
381,TRD-966282-381,7,10,EQUITY,BUY,794.039,132.7716,2026-07-09,UNMATCHED
382,TRD-736220-382,14,4,EQUITY,SELL,319.7451,99.6398,2026-05-06,UNMATCHED
383,TRD-666315-383,50,10,EQUITY,BUY,989.0399,368.3614,2026-04-23,MATCHED
384,TRD-637339-384,40,9,DERIVATIVE,BUY,993.2839,248.9641,2026-07-29,UNMATCHED
385,TRD-535267-385,5,1,FIXED_INCOME,BUY,229.7493,404.9297,2026-07-13,DISPUTED
386,TRD-653380-386,5,10,COMMODITY,BUY,920.4808,469.0023,2026-06-07,MATCHED
387,TRD-672565-387,21,7,FX,SELL,276.2677,89.5249,2026-07-27,UNMATCHED
388,TRD-542922-388,40,1,FIXED_INCOME,BUY,972.1561,496.492,2026-04-20,UNMATCHED
389,TRD-832083-389,11,3,EQUITY,SELL,767.3371,326.1927,2026-05-23,MATCHED
390,TRD-476779-390,39,6,DERIVATIVE,BUY,970.5356,295.4417,2026-04-24,DISPUTED
391,TRD-662066-391,31,8,EQUITY,BUY,731.0718,251.0562,2026-06-19,DISPUTED
392,TRD-649444-392,44,2,COMMODITY,BUY,290.6289,283.5826,2026-07-19,UNMATCHED
393,TRD-872720-393,24,3,COMMODITY,BUY,880.692,89.4082,2026-04-28,PENDING
394,TRD-760863-394,31,5,FX,BUY,401.8534,140.5704,2026-05-01,UNMATCHED
395,TRD-453969-395,31,8,DERIVATIVE,SELL,401.6615,111.4645,2026-05-15,DISPUTED
396,TRD-897684-396,28,10,COMMODITY,BUY,713.852,293.0844,2026-04-14,DISPUTED
397,TRD-214885-397,25,9,DERIVATIVE,SELL,211.2883,420.1183,2026-05-27,PENDING
398,TRD-218693-398,20,2,DERIVATIVE,BUY,189.5415,188.3815,2026-07-15,MATCHED
399,TRD-343368-399,32,1,COMMODITY,BUY,223.3613,353.0858,2026-07-17,UNMATCHED
400,TRD-723545-400,10,4,DERIVATIVE,BUY,713.7665,333.3664,2026-05-25,PENDING
401,TRD-765042-401,43,7,FX,SELL,426.3356,389.1989,2026-05-19,UNMATCHED
402,TRD-221888-402,36,7,FIXED_INCOME,SELL,601.0818,220.4417,2026-06-19,PENDING
403,TRD-500876-403,3,5,EQUITY,BUY,273.7539,124.7366,2026-06-30,DISPUTED
404,TRD-940631-404,3,5,FIXED_INCOME,SELL,335.0472,411.3832,2026-05-09,UNMATCHED
405,TRD-348868-405,14,3,COMMODITY,SELL,122.1936,341.056,2026-06-25,PENDING
406,TRD-808695-406,48,10,FIXED_INCOME,BUY,331.9271,125.3262,2026-07-11,DISPUTED
407,TRD-745064-407,18,1,EQUITY,SELL,352.2959,242.9727,2026-07-17,MATCHED
408,TRD-885043-408,4,10,COMMODITY,BUY,270.1485,430.5215,2026-06-12,PENDING
409,TRD-138870-409,50,8,FIXED_INCOME,SELL,256.5872,343.5014,2026-04-20,DISPUTED
410,TRD-411654-410,29,2,FIXED_INCOME,SELL,547.9495,227.7972,2026-04-06,MATCHED
411,TRD-984078-411,27,8,FIXED_INCOME,SELL,56.2119,483.3593,2026-07-07,PENDING
412,TRD-321207-412,12,5,FX,BUY,124.882,218.4312,2026-06-21,DISPUTED
413,TRD-917946-413,23,2,DERIVATIVE,SELL,340.7156,369.6774,2026-06-09,MATCHED
414,TRD-670084-414,29,1,DERIVATIVE,SELL,585.6495,441.0687,2026-07-31,MATCHED
415,TRD-666936-415,27,5,COMMODITY,BUY,733.2975,454.0738,2026-05-25,DISPUTED
416,TRD-252761-416,5,1,FX,BUY,47.402,378.9315,2026-07-21,PENDING
417,TRD-511606-417,2,4,DERIVATIVE,SELL,151.5293,347.812,2026-07-14,DISPUTED
418,TRD-284357-418,46,7,EQUITY,SELL,306.3567,189.4541,2026-06-02,DISPUTED
419,TRD-415003-419,17,10,EQUITY,SELL,697.4989,224.4881,2026-04-04,MATCHED
420,TRD-253795-420,45,7,FIXED_INCOME,SELL,897.657,311.2423,2026-05-01,MATCHED
421,TRD-761009-421,49,5,DERIVATIVE,SELL,903.1098,393.0918,2026-07-06,DISPUTED
422,TRD-783157-422,45,4,DERIVATIVE,SELL,330.8462,267.2806,2026-07-12,PENDING
423,TRD-900761-423,31,1,EQUITY,SELL,600.8605,135.9229,2026-05-17,UNMATCHED
424,TRD-633558-424,12,1,FX,BUY,473.6271,302.481,2026-04-15,PENDING
425,TRD-316588-425,7,7,COMMODITY,BUY,388.7749,77.237,2026-04-28,UNMATCHED
426,TRD-938366-426,20,1,FIXED_INCOME,BUY,244.5795,457.377,2026-07-04,UNMATCHED
427,TRD-594621-427,27,2,FIXED_INCOME,SELL,495.4768,209.9431,2026-07-13,UNMATCHED
428,TRD-153921-428,39,4,FX,SELL,602.4565,194.5023,2026-06-19,UNMATCHED
429,TRD-392816-429,30,10,FIXED_INCOME,BUY,641.5333,292.8123,2026-06-23,PENDING
430,TRD-990929-430,32,10,COMMODITY,SELL,403.4931,416.807,2026-04-15,PENDING
431,TRD-529776-431,41,1,EQUITY,BUY,130.3386,493.6699,2026-06-29,UNMATCHED
432,TRD-663026-432,34,4,DERIVATIVE,BUY,301.5899,415.187,2026-04-17,MATCHED
433,TRD-904860-433,47,5,FX,BUY,197.2267,122.1328,2026-04-14,UNMATCHED
434,TRD-603209-434,34,3,FIXED_INCOME,BUY,76.7182,424.124,2026-05-25,UNMATCHED
435,TRD-369196-435,28,4,DERIVATIVE,SELL,351.018,397.2455,2026-07-14,UNMATCHED
436,TRD-231994-436,1,5,COMMODITY,BUY,826.364,79.697,2026-05-06,MATCHED
437,TRD-649061-437,22,5,COMMODITY,SELL,540.4322,205.6823,2026-05-18,MATCHED
438,TRD-711569-438,13,9,COMMODITY,BUY,348.3266,152.1379,2026-06-18,UNMATCHED
439,TRD-762934-439,36,10,FIXED_INCOME,BUY,99.3246,259.7485,2026-04-28,UNMATCHED
440,TRD-542231-440,23,8,FX,BUY,499.5378,445.9195,2026-06-28,UNMATCHED
441,TRD-428401-441,19,8,EQUITY,SELL,125.1273,485.869,2026-05-06,MATCHED
442,TRD-767266-442,10,5,EQUITY,SELL,685.0599,451.2775,2026-06-20,PENDING
443,TRD-287803-443,7,1,EQUITY,BUY,800.3418,459.7322,2026-07-30,DISPUTED
444,TRD-101284-444,38,9,FX,BUY,398.9075,435.1122,2026-05-28,PENDING
445,TRD-212004-445,1,9,COMMODITY,SELL,259.2701,418.1366,2026-04-08,DISPUTED
446,TRD-986107-446,32,3,DERIVATIVE,SELL,818.0617,152.9722,2026-07-01,MATCHED
447,TRD-982777-447,16,4,FX,SELL,394.7533,400.6299,2026-05-08,DISPUTED
448,TRD-311249-448,32,4,FX,SELL,140.5866,324.5467,2026-05-12,UNMATCHED
449,TRD-214138-449,11,4,DERIVATIVE,BUY,66.5935,443.002,2026-07-18,UNMATCHED
450,TRD-964283-450,44,6,EQUITY,SELL,11.7624,329.4255,2026-06-20,MATCHED
451,TRD-276814-451,42,9,FIXED_INCOME,BUY,901.3635,236.8573,2026-06-28,MATCHED
452,TRD-483116-452,48,3,FX,BUY,941.8907,285.7834,2026-04-24,UNMATCHED
453,TRD-595835-453,19,4,FIXED_INCOME,BUY,873.7979,357.2414,2026-04-09,UNMATCHED
454,TRD-138075-454,50,8,FX,BUY,711.8683,390.753,2026-05-09,MATCHED
455,TRD-529284-455,9,8,FIXED_INCOME,BUY,567.5199,380.6714,2026-05-23,UNMATCHED
456,TRD-911086-456,5,10,FIXED_INCOME,SELL,267.8571,497.4123,2026-07-26,MATCHED
457,TRD-988481-457,4,3,FX,SELL,729.8401,346.7393,2026-05-11,MATCHED
458,TRD-619860-458,15,1,EQUITY,BUY,344.0358,433.8807,2026-04-06,UNMATCHED
459,TRD-996945-459,40,1,FIXED_INCOME,SELL,54.7865,67.0396,2026-04-22,DISPUTED
460,TRD-504204-460,5,3,FX,SELL,250.7571,159.7549,2026-07-02,DISPUTED
461,TRD-316552-461,50,5,DERIVATIVE,BUY,384.0229,64.3878,2026-04-06,MATCHED
462,TRD-354840-462,10,10,FX,BUY,956.6144,135.0784,2026-07-29,UNMATCHED
463,TRD-185184-463,20,1,FIXED_INCOME,SELL,984.935,478.1189,2026-06-24,MATCHED
464,TRD-860149-464,45,5,DERIVATIVE,SELL,438.1138,346.4615,2026-07-22,DISPUTED
465,TRD-254994-465,27,8,EQUITY,SELL,557.4394,134.2415,2026-05-29,MATCHED
466,TRD-200880-466,15,3,EQUITY,BUY,431.4331,304.3388,2026-04-11,UNMATCHED
467,TRD-443661-467,22,2,DERIVATIVE,BUY,859.8652,63.0214,2026-07-09,PENDING
468,TRD-904675-468,35,1,COMMODITY,BUY,739.8205,286.3855,2026-07-31,DISPUTED
469,TRD-308069-469,26,6,EQUITY,SELL,590.7946,109.4635,2026-07-29,PENDING
470,TRD-770545-470,31,9,COMMODITY,SELL,418.4833,453.0801,2026-07-18,PENDING
471,TRD-884503-471,35,7,DERIVATIVE,SELL,110.8389,254.4527,2026-04-01,PENDING
472,TRD-821842-472,3,9,FX,BUY,492.6471,454.8385,2026-07-27,UNMATCHED
473,TRD-181419-473,31,6,COMMODITY,SELL,424.4768,309.1818,2026-05-05,DISPUTED
474,TRD-339728-474,26,3,COMMODITY,SELL,942.0551,113.3281,2026-05-09,PENDING
475,TRD-660402-475,26,7,EQUITY,BUY,656.772,328.369,2026-04-28,UNMATCHED
476,TRD-487018-476,2,4,COMMODITY,SELL,258.15,96.7383,2026-07-06,UNMATCHED
477,TRD-708188-477,16,5,EQUITY,BUY,478.2319,295.0282,2026-06-01,DISPUTED
478,TRD-331528-478,46,5,EQUITY,BUY,839.1737,291.2168,2026-04-17,PENDING
479,TRD-526600-479,17,6,EQUITY,BUY,846.2934,210.6611,2026-06-24,PENDING
480,TRD-231361-480,28,4,COMMODITY,SELL,745.184,478.3134,2026-04-16,MATCHED
481,TRD-251522-481,3,6,FX,BUY,950.5566,350.5409,2026-07-18,DISPUTED
482,TRD-647554-482,47,7,COMMODITY,SELL,914.4562,167.5826,2026-07-19,DISPUTED
483,TRD-266645-483,27,7,COMMODITY,SELL,826.436,288.4354,2026-06-16,MATCHED
484,TRD-357647-484,31,7,FX,SELL,187.692,214.216,2026-07-09,PENDING
485,TRD-866031-485,33,8,COMMODITY,SELL,813.3356,190.737,2026-04-01,DISPUTED
486,TRD-808698-486,28,6,FX,BUY,458.386,405.6978,2026-07-23,UNMATCHED
487,TRD-507406-487,25,7,DERIVATIVE,SELL,729.7483,396.4193,2026-06-11,DISPUTED
488,TRD-638755-488,26,8,FIXED_INCOME,SELL,311.4717,377.3142,2026-05-25,UNMATCHED
489,TRD-140399-489,42,7,EQUITY,BUY,767.6762,106.4723,2026-04-11,PENDING
490,TRD-901541-490,48,7,DERIVATIVE,SELL,641.8481,393.0542,2026-05-08,DISPUTED
491,TRD-725733-491,6,8,FIXED_INCOME,SELL,441.9617,498.1374,2026-04-11,DISPUTED
492,TRD-438693-492,38,3,COMMODITY,BUY,732.3222,193.599,2026-04-24,UNMATCHED
493,TRD-847211-493,13,9,EQUITY,SELL,649.024,328.093,2026-07-23,DISPUTED
494,TRD-324917-494,48,9,FX,BUY,113.3969,305.2192,2026-06-16,PENDING
495,TRD-410554-495,6,5,COMMODITY,BUY,947.7769,288.5751,2026-04-17,DISPUTED
496,TRD-944294-496,23,4,FX,BUY,235.0369,262.8695,2026-06-24,DISPUTED
497,TRD-139364-497,20,6,EQUITY,BUY,334.0204,416.2868,2026-04-11,PENDING
498,TRD-459564-498,26,5,EQUITY,BUY,335.7846,255.1854,2026-06-20,UNMATCHED
499,TRD-774897-499,8,8,EQUITY,SELL,803.98,117.9546,2026-06-14,PENDING
500,TRD-417036-500,32,4,COMMODITY,SELL,369.271,466.1184,2026-06-22,DISPUTED
